{
    "uid": "c95a57de-7ba2-4bc2-a5b8-8e83b4b93508",
    "name": "1_Baseline",
    "preprocessing": [
        {
            "remove_columns": [
                "Discharge Year",
                "Abortion Edit Indicator"
            ],
            "categorical_y": {
                "Extreme": 0,
                "Major": 1,
                "Minor": 2,
                "Moderate": 3
            },
            "ml_task": "multiclass_classification",
            "params": {
                "columns_preprocessing": {
                    "Discharge Year": [
                        "remove_column"
                    ],
                    "Abortion Edit Indicator": [
                        "remove_column"
                    ]
                },
                "target_preprocessing": [
                    "na_exclude",
                    "categorical_to_int"
                ],
                "ml_task": "multiclass_classification"
            }
        }
    ],
    "learners": [
        {
            "library_version": "1.0.2",
            "algorithm_name": "Baseline Classifier",
            "algorithm_short_name": "Baseline",
            "uid": "a64cc73e-2b39-4c54-ae3c-8d55d91c855d",
            "params": {
                "model_type": "Baseline",
                "ml_task": "multiclass_classification",
                "n_jobs": -1,
                "seed": 1235,
                "num_class": 4,
                "explain_level": 2
            },
            "name": "learner_fold_0"
        }
    ],
    "params": {
        "additional": {
            "max_steps": 1,
            "max_rows_limit": null,
            "max_cols_limit": null
        },
        "preprocessing": {
            "columns_preprocessing": {
                "Discharge Year": [
                    "remove_column"
                ],
                "Abortion Edit Indicator": [
                    "remove_column"
                ]
            },
            "target_preprocessing": [
                "na_exclude",
                "categorical_to_int"
            ],
            "ml_task": "multiclass_classification"
        },
        "validation_strategy": {
            "validation_type": "split",
            "train_ratio": 0.75,
            "shuffle": true,
            "stratify": true,
            "X_path": "sparcs_binary_risk_of_mortality/X.data",
            "y_path": "sparcs_binary_risk_of_mortality/y.data",
            "results_path": "sparcs_binary_risk_of_mortality"
        },
        "learner": {
            "model_type": "Baseline",
            "ml_task": "multiclass_classification",
            "n_jobs": -1,
            "seed": 1235,
            "num_class": 4,
            "explain_level": 2
        },
        "automl_random_state": 1234,
        "ml_task": "multiclass_classification",
        "explain_level": 2,
        "name": "1_Baseline",
        "status": "initialized",
        "final_loss": null,
        "train_time": null,
        "data_type": "original",
        "max_time_for_learner": 360.0
    },
    "saved": [
        "1_Baseline/learner_fold_0.baseline"
    ],
    "predictions_fname": "1_Baseline/predictions_validation.csv",
    "metric_name": "logloss",
    "final_loss": 1.202435194058231,
    "train_time": 0.8165140151977539,
    "is_stacked": false
}