feature,shap_importance
APR Severity of Illness Code,5.0964165
Age Group,1.8804916
CCS Diagnosis Code,0.71124214
Patient Disposition,0.45835996
Total Charges,0.4143158
Total Costs,0.34903014
APR MDC Description,0.27803922
APR DRG Code,0.2579991
CCS Procedure Code,0.24266836
CCS Procedure Description,0.23729232
Length of Stay,0.23637168
CCS Diagnosis Description,0.19494075
Facility Name,0.19041036
APR DRG Description,0.1879759
Operating Certificate Number,0.1696758
APR Severity of Illness Description,0.13542542
Zip Code - 3 digits,0.13518453
Facility Id,0.13335893
Payment Typology 1,0.12157909
Payment Typology 2,0.11335336
Hospital County,0.104828864
Type of Admission,0.085437395
Race,0.076223396
Payment Typology 3,0.07171135
Emergency Department Indicator,0.06100768
Health Service Area,0.057235193
Ethnicity,0.053161215
Gender,0.04886472
APR Medical Surgical Description,0.045602962
APR MDC Code,0.025674582
Birth Weight,0.0054857153
