feature,mean_importance
Facility Name,-0.0024360031843088104
Payment Typology 3,-0.0019986038610927182
Operating Certificate Number,-0.0014365489937757214
Hospital County,-0.0010255294378691327
Health Service Area,-0.0009575909736334376
Birth Weight,-0.00041274573277574336
Payment Typology 2,-0.00032555143463244287
Gender,-0.00017073387581532096
Race,0.00023665420127345628
APR MDC Code,0.0006744152742916398
Zip Code - 3 digits,0.0009336954642468198
APR Medical Surgical Description,0.0011111871860538525
Ethnicity,0.0011273210730203154
Payment Typology 1,0.001207980810632492
Facility Id,0.0015556012513820328
APR DRG Description,0.0016248629770438505
Length of Stay,0.0019327544168323385
Emergency Department Indicator,0.0023983197830982792
Type of Admission,0.0024831181838860907
CCS Procedure Code,0.003975586725919511
CCS Diagnosis Description,0.004238587543982497
CCS Procedure Description,0.004835182145892602
APR DRG Code,0.004965243128613461
Total Costs,0.005915329536689051
Total Charges,0.00973446173224366
Patient Disposition,0.012361212750374006
APR Severity of Illness Description,0.012451287948217172
APR MDC Description,0.018339250809938434
CCS Diagnosis Code,0.03305599165810484
Age Group,0.23887888559352116
APR Severity of Illness Code,0.7380287829225097
