{
    "name": "Ensemble",
    "ml_task": "multiclass_classification",
    "optimize_metric": "logloss",
    "selected_models": [
        {
            "model": "3_Linear",
            "repeat": 2.0
        },
        {
            "model": "4_Default_Xgboost",
            "repeat": 3.0
        },
        {
            "model": "6_Default_RandomForest",
            "repeat": 1.0
        }
    ],
    "predictions_fname": "Ensemble/predictions_ensemble.csv",
    "metric_name": "logloss",
    "final_loss": 0.6173208347386957,
    "train_time": 0.3262166976928711,
    "is_stacked": false
}