{
    "fit_level": "finished",
    "time_controller": {
        "total_time_limit": 3600,
        "model_time_limit": null,
        "steps": [
            "simple_algorithms",
            "default_algorithms",
            "ensemble"
        ],
        "algorithms": [
            "Baseline",
            "Linear",
            "Decision Tree",
            "Random Forest",
            "Xgboost",
            "Neural Network"
        ],
        "spend": [
            {
                "model_name": "prepare_data",
                "model_type": "prepare_data",
                "fit_level": "prepare_data",
                "train_time": 0.24707341194152832
            },
            {
                "model_name": "1_Baseline",
                "model_type": "Baseline",
                "fit_level": "simple_algorithms",
                "train_time": 0.8165140151977539
            },
            {
                "model_name": "2_DecisionTree",
                "model_type": "Decision Tree",
                "fit_level": "simple_algorithms",
                "train_time": 20.31032633781433
            },
            {
                "model_name": "3_Linear",
                "model_type": "Linear",
                "fit_level": "simple_algorithms",
                "train_time": 11.539336681365967
            },
            {
                "model_name": "4_Default_Xgboost",
                "model_type": "Xgboost",
                "fit_level": "default_algorithms",
                "train_time": 23.829589128494263
            },
            {
                "model_name": "5_Default_NeuralNetwork",
                "model_type": "Neural Network",
                "fit_level": "default_algorithms",
                "train_time": 2.6388823986053467
            },
            {
                "model_name": "6_Default_RandomForest",
                "model_type": "Random Forest",
                "fit_level": "default_algorithms",
                "train_time": 27.663527965545654
            },
            {
                "model_name": "Ensemble",
                "model_type": "Ensemble",
                "fit_level": "ensemble",
                "train_time": 0.3008878231048584
            }
        ],
        "is_hill_climbing": false,
        "is_stacking": false
    },
    "all_params": {
        "simple_algorithms": [
            {
                "additional": {
                    "max_steps": 1,
                    "max_rows_limit": null,
                    "max_cols_limit": null
                },
                "preprocessing": {
                    "columns_preprocessing": {
                        "Discharge Year": [
                            "remove_column"
                        ],
                        "Abortion Edit Indicator": [
                            "remove_column"
                        ]
                    },
                    "target_preprocessing": [
                        "na_exclude",
                        "categorical_to_int"
                    ],
                    "ml_task": "multiclass_classification"
                },
                "validation_strategy": {
                    "validation_type": "split",
                    "train_ratio": 0.75,
                    "shuffle": true,
                    "stratify": true,
                    "X_path": "sparcs_binary_risk_of_mortality/X.data",
                    "y_path": "sparcs_binary_risk_of_mortality/y.data",
                    "results_path": "sparcs_binary_risk_of_mortality"
                },
                "learner": {
                    "model_type": "Baseline",
                    "ml_task": "multiclass_classification",
                    "n_jobs": -1,
                    "seed": 1235,
                    "num_class": 4,
                    "explain_level": 2
                },
                "automl_random_state": 1234,
                "ml_task": "multiclass_classification",
                "explain_level": 2,
                "name": "1_Baseline",
                "status": "trained",
                "final_loss": 1.202435194058231,
                "train_time": 1.436310052871704,
                "data_type": "original",
                "max_time_for_learner": 360.0
            },
            {
                "additional": {
                    "trees_in_step": 1,
                    "train_cant_improve_limit": 0,
                    "max_steps": 1,
                    "max_rows_limit": null,
                    "max_cols_limit": null
                },
                "preprocessing": {
                    "columns_preprocessing": {
                        "Health Service Area": [
                            "categorical_to_int"
                        ],
                        "Hospital County": [
                            "categorical_to_int"
                        ],
                        "Facility Name": [
                            "categorical_to_int"
                        ],
                        "Age Group": [
                            "categorical_to_int"
                        ],
                        "Zip Code - 3 digits": [
                            "categorical_to_int"
                        ],
                        "Gender": [
                            "categorical_to_int"
                        ],
                        "Race": [
                            "categorical_to_int"
                        ],
                        "Ethnicity": [
                            "categorical_to_int"
                        ],
                        "Length of Stay": [
                            "categorical_to_int"
                        ],
                        "Type of Admission": [
                            "categorical_to_int"
                        ],
                        "Patient Disposition": [
                            "categorical_to_int"
                        ],
                        "Discharge Year": [
                            "remove_column"
                        ],
                        "CCS Diagnosis Description": [
                            "categorical_to_int"
                        ],
                        "CCS Procedure Description": [
                            "categorical_to_int"
                        ],
                        "APR DRG Description": [
                            "categorical_to_int"
                        ],
                        "APR MDC Description": [
                            "categorical_to_int"
                        ],
                        "APR Severity of Illness Description": [
                            "categorical_to_int"
                        ],
                        "APR Medical Surgical Description": [
                            "categorical_to_int"
                        ],
                        "Payment Typology 1": [
                            "categorical_to_int"
                        ],
                        "Payment Typology 2": [
                            "categorical_to_int"
                        ],
                        "Payment Typology 3": [
                            "categorical_to_int"
                        ],
                        "Abortion Edit Indicator": [
                            "remove_column"
                        ],
                        "Emergency Department Indicator": [
                            "categorical_to_int"
                        ]
                    },
                    "target_preprocessing": [
                        "na_exclude",
                        "categorical_to_int"
                    ],
                    "ml_task": "multiclass_classification"
                },
                "validation_strategy": {
                    "validation_type": "split",
                    "train_ratio": 0.75,
                    "shuffle": true,
                    "stratify": true,
                    "X_path": "sparcs_binary_risk_of_mortality/X.data",
                    "y_path": "sparcs_binary_risk_of_mortality/y.data",
                    "results_path": "sparcs_binary_risk_of_mortality"
                },
                "learner": {
                    "model_type": "Decision Tree",
                    "ml_task": "multiclass_classification",
                    "n_jobs": -1,
                    "seed": 1235,
                    "criterion": "gini",
                    "max_depth": 3,
                    "num_class": 4,
                    "explain_level": 2
                },
                "automl_random_state": 1234,
                "ml_task": "multiclass_classification",
                "explain_level": 2,
                "name": "2_DecisionTree",
                "status": "trained",
                "final_loss": 0.6636642536450365,
                "train_time": 21.28766393661499,
                "data_type": "original",
                "max_time_for_learner": 360.0
            },
            {
                "additional": {
                    "max_steps": 1,
                    "max_rows_limit": null,
                    "max_cols_limit": null
                },
                "preprocessing": {
                    "columns_preprocessing": {
                        "Health Service Area": [
                            "categorical_to_int",
                            "scale_normal"
                        ],
                        "Hospital County": [
                            "categorical_to_int",
                            "scale_normal"
                        ],
                        "Operating Certificate Number": [
                            "scale_normal"
                        ],
                        "Facility Id": [
                            "scale_normal"
                        ],
                        "Facility Name": [
                            "categorical_to_int",
                            "scale_normal"
                        ],
                        "Age Group": [
                            "categorical_to_int",
                            "scale_normal"
                        ],
                        "Zip Code - 3 digits": [
                            "categorical_to_int",
                            "scale_normal"
                        ],
                        "Gender": [
                            "categorical_to_int",
                            "scale_normal"
                        ],
                        "Race": [
                            "categorical_to_int",
                            "scale_normal"
                        ],
                        "Ethnicity": [
                            "categorical_to_int",
                            "scale_normal"
                        ],
                        "Length of Stay": [
                            "categorical_to_int",
                            "scale_normal"
                        ],
                        "Type of Admission": [
                            "categorical_to_int",
                            "scale_normal"
                        ],
                        "Patient Disposition": [
                            "categorical_to_int",
                            "scale_normal"
                        ],
                        "Discharge Year": [
                            "remove_column"
                        ],
                        "CCS Diagnosis Code": [
                            "scale_normal"
                        ],
                        "CCS Diagnosis Description": [
                            "categorical_to_int",
                            "scale_normal"
                        ],
                        "CCS Procedure Code": [
                            "scale_normal"
                        ],
                        "CCS Procedure Description": [
                            "categorical_to_int",
                            "scale_normal"
                        ],
                        "APR DRG Code": [
                            "scale_normal"
                        ],
                        "APR DRG Description": [
                            "categorical_to_int",
                            "scale_normal"
                        ],
                        "APR MDC Code": [
                            "scale_normal"
                        ],
                        "APR MDC Description": [
                            "categorical_to_int",
                            "scale_normal"
                        ],
                        "APR Severity of Illness Code": [
                            "scale_normal"
                        ],
                        "APR Severity of Illness Description": [
                            "categorical_to_int",
                            "scale_normal"
                        ],
                        "APR Medical Surgical Description": [
                            "categorical_to_int",
                            "scale_normal"
                        ],
                        "Payment Typology 1": [
                            "categorical_to_int",
                            "scale_normal"
                        ],
                        "Payment Typology 2": [
                            "categorical_to_int",
                            "scale_normal"
                        ],
                        "Payment Typology 3": [
                            "categorical_to_int",
                            "scale_normal"
                        ],
                        "Birth Weight": [
                            "scale_normal"
                        ],
                        "Abortion Edit Indicator": [
                            "remove_column"
                        ],
                        "Emergency Department Indicator": [
                            "categorical_to_int",
                            "scale_normal"
                        ],
                        "Total Charges": [
                            "scale_normal"
                        ],
                        "Total Costs": [
                            "scale_normal"
                        ]
                    },
                    "target_preprocessing": [
                        "na_exclude",
                        "categorical_to_int"
                    ],
                    "ml_task": "multiclass_classification"
                },
                "validation_strategy": {
                    "validation_type": "split",
                    "train_ratio": 0.75,
                    "shuffle": true,
                    "stratify": true,
                    "X_path": "sparcs_binary_risk_of_mortality/X.data",
                    "y_path": "sparcs_binary_risk_of_mortality/y.data",
                    "results_path": "sparcs_binary_risk_of_mortality"
                },
                "learner": {
                    "model_type": "Linear",
                    "ml_task": "multiclass_classification",
                    "n_jobs": -1,
                    "seed": 1235,
                    "num_class": 4,
                    "explain_level": 2
                },
                "automl_random_state": 1234,
                "ml_task": "multiclass_classification",
                "explain_level": 2,
                "name": "3_Linear",
                "status": "trained",
                "final_loss": 0.6214153143999824,
                "train_time": 12.59982180595398,
                "data_type": "original",
                "max_time_for_learner": 360.0
            }
        ],
        "default_algorithms": [
            {
                "additional": {
                    "max_rounds": 10000,
                    "early_stopping_rounds": 50,
                    "max_rows_limit": null,
                    "max_cols_limit": null
                },
                "preprocessing": {
                    "columns_preprocessing": {
                        "Health Service Area": [
                            "categorical_to_int"
                        ],
                        "Hospital County": [
                            "categorical_to_int"
                        ],
                        "Facility Name": [
                            "categorical_to_int"
                        ],
                        "Age Group": [
                            "categorical_to_int"
                        ],
                        "Zip Code - 3 digits": [
                            "categorical_to_int"
                        ],
                        "Gender": [
                            "categorical_to_int"
                        ],
                        "Race": [
                            "categorical_to_int"
                        ],
                        "Ethnicity": [
                            "categorical_to_int"
                        ],
                        "Length of Stay": [
                            "categorical_to_int"
                        ],
                        "Type of Admission": [
                            "categorical_to_int"
                        ],
                        "Patient Disposition": [
                            "categorical_to_int"
                        ],
                        "Discharge Year": [
                            "remove_column"
                        ],
                        "CCS Diagnosis Description": [
                            "categorical_to_int"
                        ],
                        "CCS Procedure Description": [
                            "categorical_to_int"
                        ],
                        "APR DRG Description": [
                            "categorical_to_int"
                        ],
                        "APR MDC Description": [
                            "categorical_to_int"
                        ],
                        "APR Severity of Illness Description": [
                            "categorical_to_int"
                        ],
                        "APR Medical Surgical Description": [
                            "categorical_to_int"
                        ],
                        "Payment Typology 1": [
                            "categorical_to_int"
                        ],
                        "Payment Typology 2": [
                            "categorical_to_int"
                        ],
                        "Payment Typology 3": [
                            "categorical_to_int"
                        ],
                        "Abortion Edit Indicator": [
                            "remove_column"
                        ],
                        "Emergency Department Indicator": [
                            "categorical_to_int"
                        ]
                    },
                    "target_preprocessing": [
                        "na_exclude",
                        "categorical_to_int"
                    ],
                    "ml_task": "multiclass_classification"
                },
                "validation_strategy": {
                    "validation_type": "split",
                    "train_ratio": 0.75,
                    "shuffle": true,
                    "stratify": true,
                    "X_path": "sparcs_binary_risk_of_mortality/X.data",
                    "y_path": "sparcs_binary_risk_of_mortality/y.data",
                    "results_path": "sparcs_binary_risk_of_mortality"
                },
                "learner": {
                    "model_type": "Xgboost",
                    "ml_task": "multiclass_classification",
                    "n_jobs": -1,
                    "objective": "multi:softprob",
                    "eta": 0.075,
                    "max_depth": 6,
                    "min_child_weight": 1,
                    "subsample": 1.0,
                    "colsample_bytree": 1.0,
                    "seed": 4,
                    "eval_metric": "mlogloss",
                    "num_class": 4,
                    "explain_level": 2
                },
                "automl_random_state": 1234,
                "ml_task": "multiclass_classification",
                "explain_level": 2,
                "name": "4_Default_Xgboost",
                "status": "trained",
                "final_loss": 0.6143639140401876,
                "train_time": 24.845199823379517,
                "data_type": "original",
                "max_time_for_learner": 360.0
            },
            {
                "additional": {
                    "max_rows_limit": null,
                    "max_cols_limit": null
                },
                "preprocessing": {
                    "columns_preprocessing": {
                        "Health Service Area": [
                            "categorical_to_int",
                            "scale_normal"
                        ],
                        "Hospital County": [
                            "categorical_to_int",
                            "scale_normal"
                        ],
                        "Operating Certificate Number": [
                            "scale_normal"
                        ],
                        "Facility Id": [
                            "scale_normal"
                        ],
                        "Facility Name": [
                            "categorical_to_int",
                            "scale_normal"
                        ],
                        "Age Group": [
                            "categorical_to_int",
                            "scale_normal"
                        ],
                        "Zip Code - 3 digits": [
                            "categorical_to_int",
                            "scale_normal"
                        ],
                        "Gender": [
                            "categorical_to_int",
                            "scale_normal"
                        ],
                        "Race": [
                            "categorical_to_int",
                            "scale_normal"
                        ],
                        "Ethnicity": [
                            "categorical_to_int",
                            "scale_normal"
                        ],
                        "Length of Stay": [
                            "categorical_to_int",
                            "scale_normal"
                        ],
                        "Type of Admission": [
                            "categorical_to_int",
                            "scale_normal"
                        ],
                        "Patient Disposition": [
                            "categorical_to_int",
                            "scale_normal"
                        ],
                        "Discharge Year": [
                            "remove_column"
                        ],
                        "CCS Diagnosis Code": [
                            "scale_normal"
                        ],
                        "CCS Diagnosis Description": [
                            "categorical_to_int",
                            "scale_normal"
                        ],
                        "CCS Procedure Code": [
                            "scale_normal"
                        ],
                        "CCS Procedure Description": [
                            "categorical_to_int",
                            "scale_normal"
                        ],
                        "APR DRG Code": [
                            "scale_normal"
                        ],
                        "APR DRG Description": [
                            "categorical_to_int",
                            "scale_normal"
                        ],
                        "APR MDC Code": [
                            "scale_normal"
                        ],
                        "APR MDC Description": [
                            "categorical_to_int",
                            "scale_normal"
                        ],
                        "APR Severity of Illness Code": [
                            "scale_normal"
                        ],
                        "APR Severity of Illness Description": [
                            "categorical_to_int",
                            "scale_normal"
                        ],
                        "APR Medical Surgical Description": [
                            "categorical_to_int",
                            "scale_normal"
                        ],
                        "Payment Typology 1": [
                            "categorical_to_int",
                            "scale_normal"
                        ],
                        "Payment Typology 2": [
                            "categorical_to_int",
                            "scale_normal"
                        ],
                        "Payment Typology 3": [
                            "categorical_to_int",
                            "scale_normal"
                        ],
                        "Birth Weight": [
                            "scale_normal"
                        ],
                        "Abortion Edit Indicator": [
                            "remove_column"
                        ],
                        "Emergency Department Indicator": [
                            "categorical_to_int",
                            "scale_normal"
                        ],
                        "Total Charges": [
                            "scale_normal"
                        ],
                        "Total Costs": [
                            "scale_normal"
                        ]
                    },
                    "target_preprocessing": [
                        "na_exclude",
                        "categorical_to_int"
                    ],
                    "ml_task": "multiclass_classification"
                },
                "validation_strategy": {
                    "validation_type": "split",
                    "train_ratio": 0.75,
                    "shuffle": true,
                    "stratify": true,
                    "X_path": "sparcs_binary_risk_of_mortality/X.data",
                    "y_path": "sparcs_binary_risk_of_mortality/y.data",
                    "results_path": "sparcs_binary_risk_of_mortality"
                },
                "learner": {
                    "model_type": "Neural Network",
                    "ml_task": "multiclass_classification",
                    "n_jobs": -1,
                    "dense_1_size": 32,
                    "dense_2_size": 16,
                    "learning_rate": 0.05,
                    "seed": 5,
                    "num_class": 4,
                    "explain_level": 2
                },
                "automl_random_state": 1234,
                "ml_task": "multiclass_classification",
                "explain_level": 2,
                "name": "5_Default_NeuralNetwork",
                "status": "trained",
                "final_loss": 0.6978697447199148,
                "train_time": 3.452310562133789,
                "data_type": "original",
                "max_time_for_learner": 360.0
            },
            {
                "additional": {
                    "trees_in_step": 100,
                    "train_cant_improve_limit": 1,
                    "min_steps": 1,
                    "max_steps": 50,
                    "early_stopping_rounds": 50,
                    "max_rows_limit": null,
                    "max_cols_limit": null
                },
                "preprocessing": {
                    "columns_preprocessing": {
                        "Health Service Area": [
                            "categorical_to_int"
                        ],
                        "Hospital County": [
                            "categorical_to_int"
                        ],
                        "Facility Name": [
                            "categorical_to_int"
                        ],
                        "Age Group": [
                            "categorical_to_int"
                        ],
                        "Zip Code - 3 digits": [
                            "categorical_to_int"
                        ],
                        "Gender": [
                            "categorical_to_int"
                        ],
                        "Race": [
                            "categorical_to_int"
                        ],
                        "Ethnicity": [
                            "categorical_to_int"
                        ],
                        "Length of Stay": [
                            "categorical_to_int"
                        ],
                        "Type of Admission": [
                            "categorical_to_int"
                        ],
                        "Patient Disposition": [
                            "categorical_to_int"
                        ],
                        "Discharge Year": [
                            "remove_column"
                        ],
                        "CCS Diagnosis Description": [
                            "categorical_to_int"
                        ],
                        "CCS Procedure Description": [
                            "categorical_to_int"
                        ],
                        "APR DRG Description": [
                            "categorical_to_int"
                        ],
                        "APR MDC Description": [
                            "categorical_to_int"
                        ],
                        "APR Severity of Illness Description": [
                            "categorical_to_int"
                        ],
                        "APR Medical Surgical Description": [
                            "categorical_to_int"
                        ],
                        "Payment Typology 1": [
                            "categorical_to_int"
                        ],
                        "Payment Typology 2": [
                            "categorical_to_int"
                        ],
                        "Payment Typology 3": [
                            "categorical_to_int"
                        ],
                        "Abortion Edit Indicator": [
                            "remove_column"
                        ],
                        "Emergency Department Indicator": [
                            "categorical_to_int"
                        ]
                    },
                    "target_preprocessing": [
                        "na_exclude",
                        "categorical_to_int"
                    ],
                    "ml_task": "multiclass_classification"
                },
                "validation_strategy": {
                    "validation_type": "split",
                    "train_ratio": 0.75,
                    "shuffle": true,
                    "stratify": true,
                    "X_path": "sparcs_binary_risk_of_mortality/X.data",
                    "y_path": "sparcs_binary_risk_of_mortality/y.data",
                    "results_path": "sparcs_binary_risk_of_mortality"
                },
                "learner": {
                    "model_type": "Random Forest",
                    "ml_task": "multiclass_classification",
                    "n_jobs": -1,
                    "criterion": "gini",
                    "max_features": 0.9,
                    "min_samples_split": 30,
                    "max_depth": 4,
                    "seed": 6,
                    "eval_metric_name": "logloss",
                    "num_class": 4,
                    "explain_level": 2
                },
                "automl_random_state": 1234,
                "ml_task": "multiclass_classification",
                "explain_level": 2,
                "name": "6_Default_RandomForest",
                "status": "trained",
                "final_loss": 0.6242688116694848,
                "train_time": 28.737624168395996,
                "data_type": "original",
                "max_time_for_learner": 360.0
            }
        ],
        "ensemble": [
            {
                "model_type": "ensemble",
                "is_stacked": false,
                "name": "Ensemble",
                "status": "trained",
                "final_loss": 0.5962634911019751,
                "train_time": 0.3008878231048584
            }
        ]
    },
    "adjust_validation": false
}