feature,mean_importance
Type of Admission,-0.0018525387693542061
Facility Name,-0.001048247446849171
Operating Certificate Number,0.0017601390801735173
CCS Diagnosis Description,0.001962681809212219
Zip Code - 3 digits,0.002034374737111766
Payment Typology 2,0.0035804072596698822
Length of Stay,0.0037655017122713687
Total Charges,0.00526253209773766
Payment Typology 3,0.005814556858702713
APR DRG Description,0.006315232835097229
Ethnicity,0.00693499063211136
Total Costs,0.009963367822397507
Facility Id,0.010315039290452476
APR DRG Code,0.010354335898802303
Health Service Area,0.010571961905573968
Payment Typology 1,0.011504382139442404
CCS Procedure Description,0.012561614038690072
Gender,0.013117958971665145
APR Medical Surgical Description,0.014222197410342719
Race,0.014733452031753979
APR MDC Code,0.014891939425371791
Emergency Department Indicator,0.01585167489224426
Hospital County,0.016096989129188978
Patient Disposition,0.016980064860002274
Birth Weight,0.023783532748597125
CCS Procedure Code,0.031422760512174096
APR MDC Description,0.039370791468751866
CCS Diagnosis Code,0.061584215714621006
APR Severity of Illness Description,0.11594137671692706
Age Group,0.5149721145904612
APR Severity of Illness Code,0.8873708892705794
