{
    "uid": "885eec8b-8a2d-478c-9408-4057b0ec2805",
    "name": "4_Default_Xgboost",
    "preprocessing": [
        {
            "remove_columns": [
                "Discharge Year",
                "Abortion Edit Indicator"
            ],
            "categorical": [
                {
                    "convert_method": "categorical_to_int",
                    "convert_params": {
                        "Health Service Area": {
                            "Capital/Adirond": 0,
                            "Central NY": 1,
                            "Finger Lakes": 2,
                            "Hudson Valley": 3,
                            "Long Island": 4,
                            "New York City": 5,
                            "Southern Tier": 6,
                            "Western NY": 7
                        },
                        "Hospital County": {
                            "Albany": 0,
                            "Allegany": 1,
                            "Bronx": 2,
                            "Broome": 3,
                            "Chautauqua": 4,
                            "Chemung": 5,
                            "Chenango": 6,
                            "Clinton": 7,
                            "Columbia": 8,
                            "Dutchess": 9,
                            "Erie": 10,
                            "Franklin": 11,
                            "Fulton": 12,
                            "Genesee": 13,
                            "Herkimer": 14,
                            "Jefferson": 15,
                            "Kings": 16,
                            "Lewis": 17,
                            "Madison": 18,
                            "Manhattan": 19,
                            "Monroe": 20,
                            "Montgomery": 21,
                            "Nassau": 22,
                            "Niagara": 23,
                            "Oneida": 24,
                            "Onondaga": 25,
                            "Orange": 26,
                            "Oswego": 27,
                            "Otsego": 28,
                            "Putnam": 29,
                            "Queens": 30,
                            "Rensselaer": 31,
                            "Richmond": 32,
                            "Rockland": 33,
                            "Saratoga": 34,
                            "Schenectady": 35,
                            "St Lawrence": 36,
                            "Steuben": 37,
                            "Suffolk": 38,
                            "Tompkins": 39,
                            "Warren": 40,
                            "Westchester": 41
                        },
                        "Facility Name": {
                            "Adirondack Medical Center-Saranac Lake Site": 0,
                            "Albany Medical Center Hospital": 1,
                            "Albany Memorial Hospital": 2,
                            "Alice Hyde Medical Center": 3,
                            "Arnot Ogden Medical Center": 4,
                            "Bellevue Hospital Center": 5,
                            "Bronx-Lebanon Hospital Center - Concourse Division": 6,
                            "Bronx-Lebanon Hospital Center - Fulton Division": 7,
                            "Brookhaven Memorial Hospital Medical Center Inc": 8,
                            "Brooklyn Hospital Center - Downtown Campus": 9,
                            "Brooks Memorial Hospital": 10,
                            "Buffalo General Medical Center": 11,
                            "Calvary Hospital Inc": 12,
                            "Canton-Potsdam Hospital": 13,
                            "Cayuga Medical Center at Ithaca": 14,
                            "Chenango Memorial Hospital Inc": 15,
                            "Claxton-Hepburn Medical Center": 16,
                            "Columbia Memorial Hospital": 17,
                            "Community Memorial Hospital Inc": 18,
                            "Coney Island Hospital": 19,
                            "Corning Hospital": 20,
                            "Crouse Hospital": 21,
                            "Degraff Memorial Hospital": 22,
                            "Eastern Long Island Hospital": 23,
                            "Ellis Hospital": 24,
                            "Ellis Hospital - Bellevue Woman's Care Center Division": 25,
                            "Elmhurst Hospital Center": 26,
                            "Erie County Medical Center": 27,
                            "Faxton-St Lukes Healthcare St Lukes Division": 28,
                            "Flushing Hospital Medical Center": 29,
                            "Forest Hills Hospital": 30,
                            "Franklin Hospital": 31,
                            "Glens Falls Hospital": 32,
                            "Good Samaritan Hospital Medical Center": 33,
                            "Good Samaritan Hospital of Suffern": 34,
                            "Gouverneur Hospital": 35,
                            "Harlem Hospital Center": 36,
                            "Henry J. Carter Specialty Hospital": 37,
                            "Highland Hospital": 38,
                            "Hospital for Special Surgery": 39,
                            "Interfaith Medical Center": 40,
                            "Ira Davenport Memorial Hospital Inc": 41,
                            "Jacobi Medical Center": 42,
                            "John T Mather Memorial Hospital of Port Jefferson New York Inc": 43,
                            "Kenmore Mercy Hospital": 44,
                            "Kings County Hospital Center": 45,
                            "Kingsbrook Jewish Medical Center": 46,
                            "Lenox Hill Hospital": 47,
                            "Lewis County General Hospital": 48,
                            "Lincoln Medical & Mental Health Center": 49,
                            "Little Falls Hospital": 50,
                            "Long Island Jewish Medical Center": 51,
                            "Long Island Jewish Schneiders Children's Hospital Division": 52,
                            "Lutheran Medical Center": 53,
                            "Maimonides Medical Center": 54,
                            "Mary Imogene Bassett Hospital": 55,
                            "Massena Memorial Hospital": 56,
                            "Memorial Hosp of Wm F & Gertrude F Jones A/K/A Jones Memorial Hosp": 57,
                            "Memorial Hospital for Cancer and Allied Diseases": 58,
                            "Mercy Hospital": 59,
                            "Mercy Hospital of Buffalo": 60,
                            "Mercy Medical Center": 61,
                            "Metropolitan Hospital Center": 62,
                            "Mid-Hudson Valley Division of Westchester Medical Center": 63,
                            "Millard Fillmore Suburban Hospital": 64,
                            "Montefiore Med Center - Jack D Weiler Hosp of A Einstein College Div": 65,
                            "Montefiore Medical Center - Henry & Lucy Moses Div": 66,
                            "Montefiore Medical Center-Wakefield Hospital": 67,
                            "Montefiore Mount Vernon Hospital": 68,
                            "Montefiore New Rochelle Hospital": 69,
                            "Mount Sinai Beth Israel": 70,
                            "Mount Sinai Beth Israel Brooklyn": 71,
                            "Mount Sinai Brooklyn": 72,
                            "Mount Sinai Hospital": 73,
                            "Mount Sinai Roosevelt": 74,
                            "Mount Sinai St. Luke's": 75,
                            "Mount Sinai West": 76,
                            "Mount St Marys Hospital and Health Center": 77,
                            "NYU Hospitals Center": 78,
                            "NYU Lutheran Medical Center": 79,
                            "Nassau University Medical Center": 80,
                            "Nathan Littauer Hospital": 81,
                            "New York Community Hospital of Brooklyn, Inc": 82,
                            "New York Hospital Medical Center of Queens": 83,
                            "New York Methodist Hospital": 84,
                            "New York Presbyterian Hospital - Allen Hospital": 85,
                            "New York Presbyterian Hospital - Columbia Presbyterian Center": 86,
                            "New York Presbyterian Hospital - New York Weill Cornell Center": 87,
                            "New York Presbyterian Hospital - Westchester Division": 88,
                            "New York-Presbyterian/Lawrence Hospital": 89,
                            "New York-Presbyterian/Lower Manhattan Hospital": 90,
                            "New York-Presbyterian/Queens": 91,
                            "NewYork-Presbyterian Brooklyn Methodist Hospital": 92,
                            "NewYork-Presbyterian/Hudson Valley Hospital": 93,
                            "NewYork-Presbyterian/Lawrence Hospital": 94,
                            "NewYork-Presbyterian/Queens": 95,
                            "Niagara Falls Memorial Medical Center": 96,
                            "North Central Bronx Hospital": 97,
                            "North Shore University Hospital": 98,
                            "Northern Westchester Hospital": 99,
                            "Nyack Hospital": 100,
                            "Oneida Healthcare": 101,
                            "Orange Regional Medical Center": 102,
                            "Oswego Hospital": 103,
                            "Oswego Hospital - Alvin L Krakau Comm Mtl Health Center Div": 104,
                            "Peconic Bay Medical Center": 105,
                            "Phelps Memorial Hospital Assn": 106,
                            "Plainview Hospital": 107,
                            "Putnam Hospital Center": 108,
                            "Queens Hospital Center": 109,
                            "Richmond University Medical Center": 110,
                            "Roswell Park Cancer Institute": 111,
                            "SBH Health System": 112,
                            "SJRH - Dobbs Ferry Pavillion": 113,
                            "SJRH - Park Care Pavilion": 114,
                            "SJRH - St Johns Division": 115,
                            "Samaritan Hospital": 116,
                            "Samaritan Medical Center": 117,
                            "Saratoga Hospital": 118,
                            "Sisters of Charity Hospital": 119,
                            "Sisters of Charity Hospital - St Joseph Campus": 120,
                            "South Nassau Communities Hospital": 121,
                            "Southampton Hospital": 122,
                            "Southside Hospital": 123,
                            "St Anthony Community Hospital": 124,
                            "St Catherine of Siena Hospital": 125,
                            "St Charles Hospital": 126,
                            "St Francis Hospital": 127,
                            "St Johns Episcopal Hospital So Shore": 128,
                            "St Joseph's MC-St Vincents Westchester Division": 129,
                            "St Joseph's Medical Center": 130,
                            "St Josephs Hospital": 131,
                            "St Josephs Hospital Health Center": 132,
                            "St Peters Hospital": 133,
                            "St. Joseph Hospital": 134,
                            "St. Mary's Healthcare": 135,
                            "St. Mary's Hospital": 136,
                            "Staten Island University Hosp-North": 137,
                            "Staten Island University Hosp-South": 138,
                            "Strong Memorial Hospital": 139,
                            "Sunnyview Hospital and Rehabilitation Center": 140,
                            "Syosset Hospital": 141,
                            "The Burdett Care Center": 142,
                            "The Unity Hospital of Rochester": 143,
                            "The University of Vermont Health Network - Champlain Valley Physicians": 144,
                            "UPSTATE University Hospital at Community General": 145,
                            "United Health Services Hospitals Inc. - Binghamton General Hospital": 146,
                            "United Health Services Hospitals Inc. - Wilson Medical Center": 147,
                            "United Memorial Medical Center North Street Campus": 148,
                            "University Hospital": 149,
                            "University Hospital SUNY Health Science Center": 150,
                            "University Hospital of Brooklyn": 151,
                            "Vassar Brothers Medical Center": 152,
                            "Westchester Medical Center": 153,
                            "White Plains Hospital Center": 154,
                            "Winifred Masterson Burke Rehabilitation Hospital": 155,
                            "Winthrop-University Hospital": 156,
                            "Woman's Christian Association": 157,
                            "Womans Christian Assoc Hospital - WCA Hosp at Jones Memorial Health Ce": 158,
                            "Women And Children's Hospital Of Buffalo": 159,
                            "Woodhull Medical & Mental Health Center": 160,
                            "Wyckoff Heights Medical Center": 161
                        },
                        "Age Group": {
                            "0 to 17": 0,
                            "18 to 29": 1,
                            "30 to 49": 2,
                            "50 to 69": 3,
                            "70 or Older": 4
                        },
                        "Zip Code - 3 digits": {
                            "100": 0,
                            "101": 1,
                            "103": 2,
                            "104": 3,
                            "105": 4,
                            "106": 5,
                            "107": 6,
                            "108": 7,
                            "109": 8,
                            "110": 9,
                            "111": 10,
                            "112": 11,
                            "113": 12,
                            "114": 13,
                            "115": 14,
                            "116": 15,
                            "117": 16,
                            "118": 17,
                            "119": 18,
                            "120": 19,
                            "121": 20,
                            "122": 21,
                            "123": 22,
                            "124": 23,
                            "125": 24,
                            "126": 25,
                            "127": 26,
                            "128": 27,
                            "129": 28,
                            "130": 29,
                            "131": 30,
                            "132": 31,
                            "133": 32,
                            "134": 33,
                            "135": 34,
                            "136": 35,
                            "137": 36,
                            "138": 37,
                            "139": 38,
                            "140": 39,
                            "141": 40,
                            "142": 41,
                            "143": 42,
                            "144": 43,
                            "145": 44,
                            "146": 45,
                            "147": 46,
                            "148": 47,
                            "149": 48,
                            "OOS": 49
                        },
                        "Gender": {
                            "F": 0,
                            "M": 1
                        },
                        "Race": {
                            "Black/African American": 0,
                            "Multi-racial": 1,
                            "Other Race": 2,
                            "White": 3
                        },
                        "Ethnicity": {
                            "Multi-ethnic": 0,
                            "Not Span/Hispanic": 1,
                            "Spanish/Hispanic": 2,
                            "Unknown": 3
                        },
                        "Length of Stay": {
                            "1": 0,
                            "10": 1,
                            "101": 2,
                            "109": 3,
                            "11": 4,
                            "12": 5,
                            "120 +": 6,
                            "13": 7,
                            "14": 8,
                            "15": 9,
                            "16": 10,
                            "17": 11,
                            "18": 12,
                            "19": 13,
                            "2": 14,
                            "20": 15,
                            "21": 16,
                            "22": 17,
                            "23": 18,
                            "24": 19,
                            "25": 20,
                            "26": 21,
                            "27": 22,
                            "28": 23,
                            "29": 24,
                            "3": 25,
                            "30": 26,
                            "31": 27,
                            "32": 28,
                            "33": 29,
                            "34": 30,
                            "35": 31,
                            "36": 32,
                            "38": 33,
                            "39": 34,
                            "4": 35,
                            "40": 36,
                            "41": 37,
                            "42": 38,
                            "43": 39,
                            "44": 40,
                            "46": 41,
                            "47": 42,
                            "48": 43,
                            "5": 44,
                            "50": 45,
                            "53": 46,
                            "54": 47,
                            "56": 48,
                            "6": 49,
                            "64": 50,
                            "67": 51,
                            "7": 52,
                            "74": 53,
                            "8": 54,
                            "80": 55,
                            "86": 56,
                            "87": 57,
                            "89": 58,
                            "9": 59
                        },
                        "Type of Admission": {
                            "Elective": 0,
                            "Emergency": 1,
                            "Newborn": 2,
                            "Not Available": 3,
                            "Trauma": 4,
                            "Urgent": 5
                        },
                        "Patient Disposition": {
                            "Another Type Not Listed": 0,
                            "Cancer Center or Children's Hospital": 1,
                            "Expired": 2,
                            "Facility w/ Custodial/Supportive Care": 3,
                            "Federal Health Care Facility": 4,
                            "Home or Self Care": 5,
                            "Home w/ Home Health Services": 6,
                            "Hosp Basd Medicare Approved Swing Bed": 7,
                            "Hospice - Home": 8,
                            "Hospice - Medical Facility": 9,
                            "Inpatient Rehabilitation Facility": 10,
                            "Left Against Medical Advice": 11,
                            "Medicare Cert Long Term Care Hospital": 12,
                            "Psychiatric Hospital or Unit of Hosp": 13,
                            "Short-term Hospital": 14,
                            "Skilled Nursing Home": 15
                        },
                        "CCS Diagnosis Description": {
                            "Abdominal hernia": 0,
                            "Abdominal pain": 1,
                            "Acute and chronic tonsillitis": 2,
                            "Acute and unspecified renal failure": 3,
                            "Acute bronchitis": 4,
                            "Acute cerebrovascular disease": 5,
                            "Acute myocardial infarction": 6,
                            "Acute posthemorrhagic anemia": 7,
                            "Adjustment disorders": 8,
                            "Alcohol-related disorders": 9,
                            "Allergic reactions": 10,
                            "Anal and rectal conditions": 11,
                            "Anxiety disorders": 12,
                            "Aortic and peripheral arterial embolism or thrombosis": 13,
                            "Aortic; peripheral; and visceral artery aneurysms": 14,
                            "Appendicitis and other appendiceal conditions": 15,
                            "Aspiration pneumonitis; food/vomitus": 16,
                            "Asthma": 17,
                            "Attention-deficit, conduct, and disruptive behavior disorders": 18,
                            "Benign neoplasm of uterus": 19,
                            "Biliary tract disease": 20,
                            "Burns": 21,
                            "Calculus of urinary tract": 22,
                            "Cancer of bladder": 23,
                            "Cancer of brain and nervous system": 24,
                            "Cancer of breast": 25,
                            "Cancer of bronchus; lung": 26,
                            "Cancer of cervix": 27,
                            "Cancer of colon": 28,
                            "Cancer of esophagus": 29,
                            "Cancer of head and neck": 30,
                            "Cancer of kidney and renal pelvis": 31,
                            "Cancer of liver and intrahepatic bile duct": 32,
                            "Cancer of other GI organs; peritoneum": 33,
                            "Cancer of other male genital organs": 34,
                            "Cancer of ovary": 35,
                            "Cancer of pancreas": 36,
                            "Cancer of prostate": 37,
                            "Cancer of rectum and anus": 38,
                            "Cancer of stomach": 39,
                            "Cancer of uterus": 40,
                            "Cancer; other and unspecified primary": 41,
                            "Cancer; other respiratory and intrathoracic": 42,
                            "Cardiac and circulatory congenital anomalies": 43,
                            "Cardiac dysrhythmias": 44,
                            "Chronic kidney disease": 45,
                            "Chronic obstructive pulmonary disease and bronchiectasis": 46,
                            "Chronic ulcer of skin": 47,
                            "Coagulation and hemorrhagic disorders": 48,
                            "Coma; stupor; and brain damage": 49,
                            "Complication of device; implant or graft": 50,
                            "Complications of surgical procedures or medical care": 51,
                            "Conditions associated with dizziness or vertigo": 52,
                            "Conduction disorders": 53,
                            "Congestive heart failure; nonhypertensive": 54,
                            "Coronary atherosclerosis and other heart disease": 55,
                            "Crushing injury or internal injury": 56,
                            "Deficiency and other anemia": 57,
                            "Delirium, dementia, and amnestic and other cognitive disorders": 58,
                            "Diabetes mellitus with complications": 59,
                            "Diabetes mellitus without complication": 60,
                            "Diabetes or abnormal glucose tolerance complicating pregnancy; childbirth; or the puerperium": 61,
                            "Diseases of white blood cells": 62,
                            "Disorders of teeth and jaw": 63,
                            "Diverticulosis and diverticulitis": 64,
                            "Early or threatened labor": 65,
                            "Encephalitis (except that caused by tuberculosis or sexually transmitted disease)": 66,
                            "Epilepsy; convulsions": 67,
                            "Esophageal disorders": 68,
                            "Essential hypertension": 69,
                            "Fetal distress and abnormal forces of labor": 70,
                            "Fetopelvic disproportion; obstruction": 71,
                            "Fever of unknown origin": 72,
                            "Fluid and electrolyte disorders": 73,
                            "Fracture of lower limb": 74,
                            "Fracture of neck of femur (hip)": 75,
                            "Fracture of upper limb": 76,
                            "Gangrene": 77,
                            "Gastritis and duodenitis": 78,
                            "Gastroduodenal ulcer (except hemorrhage)": 79,
                            "Gastrointestinal hemorrhage": 80,
                            "Genitourinary symptoms and ill-defined conditions": 81,
                            "Gout and other crystal arthropathies": 82,
                            "Headache; including migraine": 83,
                            "Heart valve disorders": 84,
                            "Hemolytic jaundice and perinatal jaundice": 85,
                            "Hemorrhage during pregnancy; abruptio placenta; placenta previa": 86,
                            "Hemorrhoids": 87,
                            "Hepatitis": 88,
                            "Hodgkin`s disease": 89,
                            "Hyperplasia of prostate": 90,
                            "Hypertension complicating pregnancy; childbirth and the puerperium": 91,
                            "Hypertension with complications and secondary hypertension": 92,
                            "Immunity disorders": 93,
                            "Immunizations and screening for infectious disease": 94,
                            "Infective arthritis and osteomyelitis (except that caused by tuberculosis or sexually transmitted disease)": 95,
                            "Inflammation; infection of eye (except that caused by tuberculosis or sexually transmitteddisease)": 96,
                            "Inflammatory diseases of female pelvic organs": 97,
                            "Influenza": 98,
                            "Intestinal infection": 99,
                            "Intestinal obstruction without hernia": 100,
                            "Intracranial injury": 101,
                            "Joint disorders and dislocations; trauma-related": 102,
                            "Late effects of cerebrovascular disease": 103,
                            "Leukemias": 104,
                            "Liveborn": 105,
                            "Lung disease due to external agents": 106,
                            "Lymphadenitis": 107,
                            "Maintenance chemotherapy; radiotherapy": 108,
                            "Malaise and fatigue": 109,
                            "Malposition; malpresentation": 110,
                            "Meningitis (except that caused by tuberculosis or sexually transmitted disease)": 111,
                            "Menstrual disorders": 112,
                            "Miscellaneous disorders": 113,
                            "Mood disorders": 114,
                            "Multiple myeloma": 115,
                            "Multiple sclerosis": 116,
                            "Mycoses": 117,
                            "Nausea and vomiting": 118,
                            "Neoplasms of unspecified nature or uncertain behavior": 119,
                            "Nephritis; nephrosis; renal sclerosis": 120,
                            "Non-Hodgkin`s lymphoma": 121,
                            "Noninfectious gastroenteritis": 122,
                            "Nonmalignant breast conditions": 123,
                            "Nonspecific chest pain": 124,
                            "Nutritional deficiencies": 125,
                            "OB-related trauma to perineum and vulva": 126,
                            "Occlusion or stenosis of precerebral arteries": 127,
                            "Open wounds of extremities": 128,
                            "Open wounds of head; neck; and trunk": 129,
                            "Osteoarthritis": 130,
                            "Other CNS infection and poliomyelitis": 131,
                            "Other acquired deformities": 132,
                            "Other aftercare": 133,
                            "Other and ill-defined cerebrovascular disease": 134,
                            "Other and ill-defined heart disease": 135,
                            "Other and unspecified benign neoplasm": 136,
                            "Other bone disease and musculoskeletal deformities": 137,
                            "Other circulatory disease": 138,
                            "Other complications of birth; puerperium affecting management of mother": 139,
                            "Other complications of pregnancy": 140,
                            "Other congenital anomalies": 141,
                            "Other connective tissue disease": 142,
                            "Other diseases of kidney and ureters": 143,
                            "Other diseases of veins and lymphatics": 144,
                            "Other disorders of stomach and duodenum": 145,
                            "Other ear and sense organ disorders": 146,
                            "Other endocrine disorders": 147,
                            "Other female genital disorders": 148,
                            "Other fractures": 149,
                            "Other gastrointestinal disorders": 150,
                            "Other hematologic conditions": 151,
                            "Other hereditary and degenerative nervous system conditions": 152,
                            "Other infections; including parasitic": 153,
                            "Other inflammatory condition of skin": 154,
                            "Other injuries and conditions due to external causes": 155,
                            "Other liver diseases": 156,
                            "Other lower respiratory disease": 157,
                            "Other male genital disorders": 158,
                            "Other nervous system disorders": 159,
                            "Other nutritional; endocrine; and metabolic disorders": 160,
                            "Other pregnancy and delivery including normal": 161,
                            "Other screening for suspected conditions (not mental disorders or infectious disease)": 162,
                            "Other skin disorders": 163,
                            "Other upper respiratory disease": 164,
                            "Other upper respiratory infections": 165,
                            "Otitis media and related conditions": 166,
                            "Ovarian cyst": 167,
                            "Pancreatic disorders (not diabetes)": 168,
                            "Paralysis": 169,
                            "Parkinson`s disease": 170,
                            "Pathological fracture": 171,
                            "Peri-; endo-; and myocarditis; cardiomyopathy (except that caused by tuberculosis or sexually transmitted disease)": 172,
                            "Peripheral and visceral atherosclerosis": 173,
                            "Personality disorders": 174,
                            "Phlebitis; thrombophlebitis and thromboembolism": 175,
                            "Pleurisy; pneumothorax; pulmonary collapse": 176,
                            "Pneumonia (except that caused by tuberculosis or sexually transmitted disease)": 177,
                            "Poisoning by nonmedicinal substances": 178,
                            "Poisoning by other medications and drugs": 179,
                            "Poisoning by psychotropic agents": 180,
                            "Polyhydramnios and other problems of amniotic cavity": 181,
                            "Previous C-section": 182,
                            "Prolapse of female genital organs": 183,
                            "Prolonged pregnancy": 184,
                            "Pulmonary heart disease": 185,
                            "Regional enteritis and ulcerative colitis": 186,
                            "Rehabilitation care; fitting of prostheses; and adjustment of devices": 187,
                            "Residual codes; unclassified": 188,
                            "Respiratory failure; insufficiency; arrest (adult)": 189,
                            "Retinal detachments; defects; vascular occlusion; and retinopathy": 190,
                            "Rheumatoid arthritis and related disease": 191,
                            "Schizophrenia and other psychotic disorders": 192,
                            "Screening and history of mental health and substance abuse codes": 193,
                            "Secondary malignancies": 194,
                            "Septicemia (except in labor)": 195,
                            "Sexually transmitted infections (not HIV or hepatitis)": 196,
                            "Shock": 197,
                            "Sickle cell anemia": 198,
                            "Skin and subcutaneous tissue infections": 199,
                            "Skull and face fractures": 200,
                            "Spondylosis; intervertebral disc disorders; other back problems": 201,
                            "Sprains and strains": 202,
                            "Substance-related disorders": 203,
                            "Suicide and intentional self-inflicted injury": 204,
                            "Superficial injury; contusion": 205,
                            "Syncope": 206,
                            "Systemic lupus erythematosus and connective tissue disorders": 207,
                            "Thyroid disorders": 208,
                            "Transient cerebral ischemia": 209,
                            "Tuberculosis": 210,
                            "Umbilical cord complication": 211,
                            "Urinary tract infections": 212,
                            "Viral infection": 213
                        },
                        "CCS Procedure Description": {
                            "ABDOMINAL PARACENTESIS": 0,
                            "ALCO/DRUG REHAB/DETOX": 1,
                            "AMPUTATE LOWER EXTRMITY": 2,
                            "AORTIC RESECTION; REPL": 3,
                            "APPENDECTOMY": 4,
                            "ART RUPT MEMB ASSIS DLV": 5,
                            "ARTERIAL BLOOD GASES": 6,
                            "ARTERIO/VENOGRAM-NOT HH": 7,
                            "ARTERIOVENOUS FISTULA": 8,
                            "ARTHROCENTESIS": 9,
                            "ARTHROPLASTY KNEE": 10,
                            "ARTHROPLASTY-NOT HIP/KN": 11,
                            "BIOPSY OF LIVER": 12,
                            "BLOOD TRANSFUSION": 13,
                            "BONE MARROW TRANSPLANT": 14,
                            "BREAST BIOPSY & DX PRCS": 15,
                            "CANCER CHEMOTHERAPY": 16,
                            "CARDIAC PACEMAKER/DEFIB": 17,
                            "CARDIAC STRESS TESTS": 18,
                            "CEREBRAL ARTERIOGRAM": 19,
                            "CESAREAN SECTION": 20,
                            "CHOLECYSTECTOMY/EXPLOR": 21,
                            "CIRCUMCISION": 22,
                            "COLONOSCOPY AND BIOPSY": 23,
                            "COLORECTAL RESECTION": 24,
                            "COLOSTOMY; TEMP/PERM": 25,
                            "COMP AXIAL TOMOGR (CT)": 26,
                            "CONTRAST AORTOGRAM": 27,
                            "CONTROL OF EPISTAXIS": 28,
                            "CONV OF CARDIAC RHYTHM": 29,
                            "COR ARTERY BYP GRF-CABG": 30,
                            "CT SCAN ABDOMEN": 31,
                            "CT SCAN CHEST": 32,
                            "DEBRIDE WOUND,INF,BURN": 33,
                            "DECOMP PERIPHERAL NERVE": 34,
                            "DIAGNOSTIC SPINAL TAP": 35,
                            "DX BRONCHOSCOPY & BIOPS": 36,
                            "DX CARDIAC CATHETERIZTN": 37,
                            "DX DILAT/CURETTAGE -D&C": 38,
                            "DX PHYSICAL THERAPY": 39,
                            "DX PRCS ON EAR": 40,
                            "DX PRCS ON NOSE & MOUTH": 41,
                            "DX ULTRASOUND AB/RETRO": 42,
                            "DX ULTRASOUND HEAD/NECK": 43,
                            "DX ULTRASOUND HEART": 44,
                            "DX ULTRASOUND URINARY": 45,
                            "ELECTROCARDIOGRAM": 46,
                            "ELECTROENCEPHALOGRAM": 47,
                            "ELECTROGR CARDIAC MONIT": 48,
                            "EMBOL-/ENDARTER-ECTOMY": 49,
                            "ENDARTERECTOMY;VES HEAD": 50,
                            "ENDO RETRO CAN OF PANCR": 51,
                            "ENDOSCOPY URINARY TRACT": 52,
                            "ENTERAL/PARENTERAL NUTR": 53,
                            "EPISIOTOMY": 54,
                            "EXCISION OF SKIN LESION": 55,
                            "EXCISION; LYS PERI ADHS": 56,
                            "EXTRA CIRC AUX OPEN HRT": 57,
                            "FETAL MONITORING": 58,
                            "FORCEP;VAC;BREACH DELIV": 59,
                            "GASTRECTOMY; PART/TOTAL": 60,
                            "GASTROSTOMY; TEMP/PERM": 61,
                            "HEART VALVE PRCS": 62,
                            "HEMODIALYSIS": 63,
                            "HIP REPLACEMENT,TOT/PRT": 64,
                            "HYSTERECTOMY; AB/VAG": 65,
                            "INCIS/DRAIN, SKIN/SUBCU": 66,
                            "INCISION & EXCISION CNS": 67,
                            "INCISION OF PLEURA": 68,
                            "INDWELLING CATHETER": 69,
                            "INGUINAL/FEMORAL HERNIA": 70,
                            "INJ/ASP MUSC,TENDONS,ST": 71,
                            "INS CATHETER/SPNL STIM": 72,
                            "IRR XCRANIAL VENT SHUNT": 73,
                            "KIDNEY TRANSPLANT": 74,
                            "LAMINECTOMY; EXC IV DSC": 75,
                            "LAPAROSCOPY": 76,
                            "LOBECTOMY/PNEUMONECTOMY": 77,
                            "LOC EXC LRG INTEST LESN": 78,
                            "LUMPECTOMY, QUAD BREAST": 79,
                            "MAG RESONANCE IMAGING": 80,
                            "MASTECTOMY": 81,
                            "NASOGASTRIC TUBE": 82,
                            "NEPHRECTOMY; PART/TOTAL": 83,
                            "NEPHRO-/NEPHROS-TOMY": 84,
                            "NO PROC": 85,
                            "NONOP RMVL FOREIGN BODY": 86,
                            "OOPHORECTOMY; UNI/BILAT": 87,
                            "OPEN PROSTATECTOMY": 88,
                            "OPHTHALM-/OT-OLOGIC DX": 89,
                            "OT DX CARDIOVASC PRCS": 90,
                            "OT DX PRC (INTERVW,EVAL": 91,
                            "OT DX PRC SKIN/SUBCUTAN": 92,
                            "OT DX PRCS OF RESP TRCT": 93,
                            "OT DX PRCS ON MUSC/SKEL": 94,
                            "OT DX PRCS URINARY TRCT": 95,
                            "OT DX PRCS; FEMALE ORGN": 96,
                            "OT DX RADIO & RELATED": 97,
                            "OT EXC CERVIX & UTERUS": 98,
                            "OT EXTRAOCULAR MUSC/ORB": 99,
                            "OT FRACTURE/DISLOC PRC": 100,
                            "OT INTRAOCULAR THER PRC": 101,
                            "OT NON-OR GI THER PRCS": 102,
                            "OT NON-OR LW GI THER PR": 103,
                            "OT NON-OR THER CARDIO": 104,
                            "OT NON-OR THER NERV SYS": 105,
                            "OT NON-OR THER PRC MUSC": 106,
                            "OT NON-OR THER PRC NOSE": 107,
                            "OT NON-OR THER PRC RESP": 108,
                            "OT NON-OR THER PRC SKIN": 109,
                            "OT NON-OR THER PRC URIN": 110,
                            "OT NON-OR THER PRC; FEM": 111,
                            "OT NON-OR UP GI THER PR": 112,
                            "OT OR GI THER PRCS": 113,
                            "OT OR LOW GI THER PRCS": 114,
                            "OT OR PRCS ON VES HEAD": 115,
                            "OT OR PRCS VES NOT HEAD": 116,
                            "OT OR RX PRCS RESP SYS": 117,
                            "OT OR THER PRC MUSC/SKL": 118,
                            "OT OR THER PRC ON JOINT": 119,
                            "OT OR THER PRC SKN/BRST": 120,
                            "OT OR THER PRC; FEM ORG": 121,
                            "OT OR THER PRCS ON BONE": 122,
                            "OT OR THER PRCS URINARY": 123,
                            "OT OR THER PRCS; MALE": 124,
                            "OT OR UP GI THER PRCS": 125,
                            "OT ORGAN TRANSPLANTATN": 126,
                            "OT PHYS THER/REHAB": 127,
                            "OT PRCS TO ASSIST DELIV": 128,
                            "OT THER ENDOCRINE PRCS": 129,
                            "OT THER PRCS ON MUSCLES": 130,
                            "OT THER PRCS; HEM/LYMPH": 131,
                            "OT VASC CATH; NOT HEART": 132,
                            "OT VASCULAR BYP/SHUNT": 133,
                            "OTHER BOWEL DX PRCS": 134,
                            "OTHER CT SCAN": 135,
                            "OTHER DX NERV SYS PRCS": 136,
                            "OTHER DX ULTRASOUND": 137,
                            "OTHER GI DX PRCS": 138,
                            "OTHER HERNIA REPAIR": 139,
                            "OTHER OR HEART PRCS": 140,
                            "OTHER OR THER NERV SYS": 141,
                            "OTHER OR THER PRCS NOSE": 142,
                            "OTHER RESP THERAPY": 143,
                            "OTHER THERAPEUTIC PRCS": 144,
                            "PARTIAL EXCISION BONE": 145,
                            "PERC TRANSLUM COR ANGIO": 146,
                            "PERIPH VASCULAR BYPASS": 147,
                            "PERITONEAL DIALYSIS": 148,
                            "PHYS THER EXER, MANIPUL": 149,
                            "PRCS ON SPLEEN": 150,
                            "PRCS ON THE URETHRA": 151,
                            "PROPHYLACTIC VAC/INOCUL": 152,
                            "PSYCHO/PSYCHI EVAL/THER": 153,
                            "RADIOISOTOPE BONE SCAN": 154,
                            "RADIOISOTOPE PULM SCAN": 155,
                            "RADIOISOTOPE SCAN/FUNCT": 156,
                            "REPAIR CUR OBS LACERATN": 157,
                            "RESP INTUB/MECH VENTIL": 158,
                            "SKIN GRAFT": 159,
                            "SMALL BOWEL RESECTON": 160,
                            "SPINAL FUSION": 161,
                            "SUTURE SKIN/SUBCUT TISS": 162,
                            "THERAPEUTIC RADIOLOGY": 163,
                            "THYROIDECTOMY;PART/FULL": 164,
                            "TONSIL-/ADENOID-ECTOMY": 165,
                            "TRACHE-/LARYNG-OSCOPY": 166,
                            "TRACHEOSTOMY; TEMP/PERM": 167,
                            "TRACTN, SPLNT, OT WOUND": 168,
                            "TRANS RES PROSTATE-TURP": 169,
                            "TRANSURETHRAL EXCISION": 170,
                            "TRTMNT,FRAC HIP/FEMUR": 171,
                            "TRTMNT,FRAC LOWR EXTREM": 172,
                            "TRTMNT,FRAC RADIUS/ULNA": 173,
                            "TYMPANOPLASTY": 174,
                            "UNGROUPABLE": 175,
                            "UP GASTRO ENDOSC/BIOPSY": 176,
                            "UPPER GI X-RAY": 177,
                            "URETERAL CATHETERIZATN": 178
                        },
                        "APR DRG Description": {
                            "Abdominal pain": 0,
                            "Acute & subacute endocarditis": 1,
                            "Acute anxiety & delirium states": 2,
                            "Acute major eye infections": 3,
                            "Acute myocardial infarction": 4,
                            "Adjustment disorders & neuroses except depressive diagnoses": 5,
                            "Alcohol & drug dependence w rehab or rehab/detox therapy": 6,
                            "Alcohol abuse & dependence": 7,
                            "Alcoholic liver disease": 8,
                            "Allergic reactions": 9,
                            "Amputation of lower limb except toes": 10,
                            "Anal procedures": 11,
                            "Angina pectoris & coronary atherosclerosis": 12,
                            "Appendectomy": 13,
                            "Asthma": 14,
                            "Behavioral disorders": 15,
                            "Bipolar disorders": 16,
                            "Bone marrow transplant": 17,
                            "Brain contusion/laceration & complicated skull Fx, coma < 1 hr or no coma": 18,
                            "Breast procedures except mastectomy": 19,
                            "Bronchiolitis & RSV pneumonia": 20,
                            "Burns with skin graft except extensive 3rd degree burns": 21,
                            "CHEMOTHERAPY": 22,
                            "CVA & precerebral occlusion w infarct": 23,
                            "Cardiac arrhythmia & conduction disorders": 24,
                            "Cardiac catheterization for coronary artery disease": 25,
                            "Cardiac catheterization for other non-coronary conditions": 26,
                            "Cardiac defibrillator & heart assist implant": 27,
                            "Cardiac pacemaker & defibrillator device replacement": 28,
                            "Cardiac pacemaker & defibrillator revision except device replacement": 29,
                            "Cardiac structural & valvular disorders": 30,
                            "Cardiac valve procedures w AMI or complex PDX": 31,
                            "Cardiac valve procedures w/o AMI or complex PDX": 32,
                            "Cellulitis & other skin infections": 33,
                            "Cervical spinal fusion & other back/neck proc exc disc excis/decomp": 34,
                            "Cesarean delivery": 35,
                            "Chest pain": 36,
                            "Cholecystectomy except laparoscopic": 37,
                            "Chronic obstructive pulmonary disease": 38,
                            "Coagulation & platelet disorders": 39,
                            "Cocaine abuse & dependence": 40,
                            "Concussion, closed skull Fx nos,uncomplicated intracranial injury, coma < 1 hr or no coma": 41,
                            "Connective tissue disorders": 42,
                            "Contusion, open wound & other trauma to skin & subcutaneous tissue": 43,
                            "Coronary bypass w AMI or complex PDX": 44,
                            "Coronary bypass w/o AMI or complex PDX": 45,
                            "Craniotomy except for trauma": 46,
                            "Craniotomy for trauma": 47,
                            "Degenerative nervous system disorders exc mult sclerosis": 48,
                            "Depression except major depressive disorder": 49,
                            "Diabetes": 50,
                            "Digestive malignancy": 51,
                            "Disorders of gallbladder & biliary tract": 52,
                            "Disorders of pancreas except malignancy": 53,
                            "Disorders of personality & impulse control": 54,
                            "Diverticulitis & diverticulosis": 55,
                            "Dorsal & lumbar fusion proc except for curvature of back": 56,
                            "Dorsal & lumbar fusion proc for curvature of back": 57,
                            "Drug & alcohol abuse or dependence, left against medical advice": 58,
                            "Ear, nose, mouth, throat, cranial/facial malignancies": 59,
                            "Eating disorders": 60,
                            "Electrolyte disorders except hypovolemia related": 61,
                            "Extensive abdominal/thoracic procedures for mult significant trauma": 62,
                            "Extensive procedure unrelated to principal diagnosis": 63,
                            "Extracranial vascular procedures": 64,
                            "Eye disorders except major infections": 65,
                            "Eye procedures except orbit": 66,
                            "Female reproductive system infections": 67,
                            "Female reproductive system malignancy": 68,
                            "Female reproductive system reconstructive procedures": 69,
                            "Fever": 70,
                            "Foot & toe procedures": 71,
                            "Fracture of femur": 72,
                            "Fracture of pelvis or dislocation of hip": 73,
                            "Fractures & dislocations except femur, pelvis & back": 74,
                            "Gastrointestinal vascular insufficiency": 75,
                            "Head trauma w coma >1 hr or hemorrhage": 76,
                            "Heart &/or lung transplant": 77,
                            "Heart failure": 78,
                            "Hepatic coma & other major acute liver disorders": 79,
                            "Hernia procedures except inguinal, femoral & umbilical": 80,
                            "Hip and femur fracture repair": 81,
                            "Hip joint replacement": 82,
                            "Hypertension": 83,
                            "Hypovolemia & related electrolyte disorders": 84,
                            "Inborn errors of metabolism": 85,
                            "Infections of upper respiratory tract": 86,
                            "Infectious & parasitic diseases including HIV w O.R. procedure": 87,
                            "Inflammatory bowel disease": 88,
                            "Inguinal, femoral & umbilical hernia procedures": 89,
                            "Interstitial & alveolar lung diseases": 90,
                            "Intervertebral disc excision & decompression": 91,
                            "Intestinal obstruction": 92,
                            "Intracranial hemorrhage": 93,
                            "Kidney & urinary tract infections": 94,
                            "Kidney & urinary tract procedures for malignancy": 95,
                            "Kidney & urinary tract procedures for nonmalignancy": 96,
                            "Kidney transplant": 97,
                            "Knee & lower leg procedures except foot": 98,
                            "Knee joint replacement": 99,
                            "Laparoscopic cholecystectomy": 100,
                            "Lymphatic & other malignancies & neoplasms of uncertain behavior": 101,
                            "Lymphoma, myeloma & non-acute leukemia": 102,
                            "Major O.R. procedures for lymphatic/hematopoietic/other neoplasms": 103,
                            "Major abdominal vascular procedures": 104,
                            "Major biliary tract procedures": 105,
                            "Major bladder procedures": 106,
                            "Major chest & respiratory trauma": 107,
                            "Major cranial/facial bone procedures": 108,
                            "Major depressive disorders & other/unspecified psychoses": 109,
                            "Major esophageal disorders": 110,
                            "Major gastrointestinal & peritoneal infections": 111,
                            "Major hematologic/immunologic diag exc sickle cell crisis & coagul": 112,
                            "Major male pelvic procedures": 113,
                            "Major pancreas, liver & shunt procedures": 114,
                            "Major respiratory & chest procedures": 115,
                            "Major respiratory infections & inflammations": 116,
                            "Major skin disorders": 117,
                            "Major small & large bowel procedures": 118,
                            "Major stomach, esophageal & duodenal procedures": 119,
                            "Male reproductive system diagnoses except malignancy": 120,
                            "Malfunction, reaction & complication of GI device or procedure": 121,
                            "Malfunction, reaction, complic of genitourinary device or proc": 122,
                            "Malfunction, reaction, complic of orthopedic device or procedure": 123,
                            "Malfunction,reaction,complication of cardiac/vasc device or procedure": 124,
                            "Malignancy of hepatobiliary system & pancreas": 125,
                            "Malignancy, male reproductive system": 126,
                            "Malignant breast disorders": 127,
                            "Malnutrition, failure to thrive & other nutritional disorders": 128,
                            "Mastectomy procedures": 129,
                            "Menstrual & other female reproductive system disorders": 130,
                            "Migraine & other headaches": 131,
                            "Moderately extensive procedure unrelated to principal diagnosis": 132,
                            "Multiple sclerosis & other demyelinating diseases": 133,
                            "Multiple significant trauma w/o O.R. procedure": 134,
                            "Musculoskeletal & other procedures for multiple significant trauma": 135,
                            "Musculoskeletal malignancy & pathol fracture d/t muscskel malig": 136,
                            "Neonate birthwt 1000-1249g w or w/o other significant condition": 137,
                            "Neonate birthwt 750-999g w/o major procedure": 138,
                            "Neonate birthwt >2499g w congenital/perinatal infection": 139,
                            "Neonate birthwt >2499g w major anomaly": 140,
                            "Neonate birthwt >2499g w major cardiovascular procedure": 141,
                            "Neonate birthwt >2499g w other major procedure": 142,
                            "Neonate birthwt >2499g w other significant condition": 143,
                            "Neonate birthwt >2499g, normal newborn or neonate w other problem": 144,
                            "Neonate bwt 1250-1499g w or w/o other significant condition": 145,
                            "Neonate bwt 1500-1999g w or w/o other significant condition": 146,
                            "Neonate bwt 1500-1999g w resp dist synd/oth maj resp cond": 147,
                            "Neonate bwt 2000-2499g w major anomaly": 148,
                            "Neonate bwt 2000-2499g w resp dist synd/oth maj resp cond": 149,
                            "Neonate bwt 2000-2499g, normal newborn or neonate w other problem": 150,
                            "Neonate, birthwt >2499g w resp dist synd/oth maj resp cond": 151,
                            "Neonate, transferred < 5 days old, born here": 152,
                            "Nephritis & nephrosis": 153,
                            "Nervous system malignancy": 154,
                            "Non-bacterial infections of nervous system exc viral meningitis": 155,
                            "Nonextensive procedure unrelated to principal diagnosis": 156,
                            "Nonspecific CVA & precerebral occlusion w/o infarct": 157,
                            "Nontraumatic stupor & coma": 158,
                            "O.R. procedure for other complications of treatment": 159,
                            "OTHER VASCULAR PROCEDURES": 160,
                            "Opioid abuse & dependence": 161,
                            "Orbital procedures": 162,
                            "Organic mental health disturbances": 163,
                            "Osteomyelitis, septic arthritis & other musculoskeletal infections": 164,
                            "Other & unspecified gastrointestinal hemorrhage": 165,
                            "Other O.R. procedures for lymphatic/hematopoietic/other neoplasms": 166,
                            "Other aftercare & convalescence": 167,
                            "Other anemia & disorders of blood & blood-forming organs": 168,
                            "Other antepartum diagnoses": 169,
                            "Other back & neck disorders, fractures & injuries": 170,
                            "Other bladder procedures": 171,
                            "Other cardiothoracic & thoracic vascular procedures": 172,
                            "Other circulatory system diagnoses": 173,
                            "Other circulatory system procedures": 174,
                            "Other complications of treatment": 175,
                            "Other digestive system & abdominal procedures": 176,
                            "Other digestive system diagnoses": 177,
                            "Other disorders of nervous system": 178,
                            "Other disorders of the liver": 179,
                            "Other drug abuse & dependence": 180,
                            "Other ear, nose, mouth & throat procedures": 181,
                            "Other ear, nose, mouth,throat & cranial/facial diagnoses": 182,
                            "Other endocrine disorders": 183,
                            "Other esophageal disorders": 184,
                            "Other female reproductive system & related procedures": 185,
                            "Other gastroenteritis, nausa & vomiting": 186,
                            "Other infectious & parasitic diseases": 187,
                            "Other kidney & urinary tract diagnoses, signs & symptoms": 188,
                            "Other kidney, urinary tract & related procedures": 189,
                            "Other major head & neck procedures": 190,
                            "Other male reproductive system & related procedures": 191,
                            "Other mental health disorders": 192,
                            "Other musculoskeletal system & connective tissue diagnoses": 193,
                            "Other musculoskeletal system & connective tissue procedures": 194,
                            "Other nervous system & related procedures": 195,
                            "Other pneumonia": 196,
                            "Other procedures for endocrine, nutritional & metabolic disorders": 197,
                            "Other respiratory & chest procedures": 198,
                            "Other respiratory diagnoses except signs, symptoms & minor diagnoses": 199,
                            "Other significant hip and femur surgery": 200,
                            "Other skin, subcutaneous tissue & breast disorders": 201,
                            "Other skin, subcutaneous tissue & related procedures": 202,
                            "Other small & large bowel procedures": 203,
                            "Partial thickness burns without skin graft": 204,
                            "Pelvic evisceration, radical hysterectomy & other radical GYN procs": 205,
                            "Peptic ulcer & gastritis": 206,
                            "Percutaneous coronary intervention w AMI": 207,
                            "Percutaneous coronary intervention w/o AMI": 208,
                            "Peripheral & other vascular disorders": 209,
                            "Peripheral, cranial & autonomic nerve disorders": 210,
                            "Peritoneal adhesiolysis": 211,
                            "Perm cardiac pacemaker implant w/o AMI, heart failure or shock": 212,
                            "Permanent cardiac pacemaker implant w AMI, heart failure or shock": 213,
                            "Pituitary & adrenal procedures": 214,
                            "Poisoning of medicinal agents": 215,
                            "Post-op, post-trauma, other device infections w O.R. procedure": 216,
                            "Post-operative, post-traumatic, other device infections": 217,
                            "Postpartum & post abortion diagnoses w/o procedure": 218,
                            "Preterm labor": 219,
                            "Procedures for obesity": 220,
                            "Pulmonary embolism": 221,
                            "RENAL FAILURE": 222,
                            "Rehabilitation": 223,
                            "Renal dialysis access device procedure only": 224,
                            "Respiratory Failure": 225,
                            "Respiratory malignancy": 226,
                            "Respiratory signs, symptoms & minor diagnoses": 227,
                            "Respiratory system diagnosis w ventilator support 96+ hours": 228,
                            "Schizophrenia": 229,
                            "Seizure": 230,
                            "Septicemia & disseminated infections": 231,
                            "Shoulder, upper arm & forearm procedures except joint replacement": 232,
                            "Sickle cell anemia crisis": 233,
                            "Signs, symptoms & other factors influencing health status": 234,
                            "Sinus & mastoid procedures": 235,
                            "Skin graft for skin & subcutaneous tissue diagnoses": 236,
                            "Skin graft, except hand, for musculoskeletal & connective tissue diagnoses": 237,
                            "Skin ulcers": 238,
                            "Spinal disorders & injuries": 239,
                            "Spinal procedures": 240,
                            "Splenectomy": 241,
                            "Syncope & collapse": 242,
                            "Tendon, muscle & other soft tissue procedures": 243,
                            "Testes & scrotal procedures": 244,
                            "Thyroid, parathyroid & thyroglossal procedures": 245,
                            "Tonsil & adenoid procedures": 246,
                            "Toxic effects of non-medicinal substances": 247,
                            "Tracheostomy w MV 96+ hours w extensive procedure or ECMO": 248,
                            "Tracheostomy w MV 96+ hours w/o extensive procedure": 249,
                            "Transient ischemia": 250,
                            "Transurethral prostatectomy": 251,
                            "Urethral & transurethral procedures": 252,
                            "Urinary stones & acquired upper urinary tract obstruction": 253,
                            "Uterine & adnexa procedures for leiomyoma": 254,
                            "Uterine & adnexa procedures for non-malignancy except leiomyoma": 255,
                            "Uterine & adnexa procedures for non-ovarian & non-adnexal malig": 256,
                            "Uterine & adnexa procedures for ovarian & adnexal malignancy": 257,
                            "Vaginal delivery": 258,
                            "Vaginal delivery w complicating procedures exc sterilization &/or D&C": 259,
                            "Vaginal delivery w sterilization &/or D&C": 260,
                            "Ventricular shunt procedures": 261,
                            "Vertigo & other labyrinth disorders": 262,
                            "Viral illness": 263,
                            "Viral meningitis": 264
                        },
                        "APR MDC Description": {
                            "Alcohol/Drug Use and Alcohol/Drug Induced Organic Mental Disorders": 0,
                            "Burns": 1,
                            "Diseases and Disorders of Blood, Blood Forming Organs and Immunological Disorders": 2,
                            "Diseases and Disorders of the Circulatory System": 3,
                            "Diseases and Disorders of the Digestive System": 4,
                            "Diseases and Disorders of the Eye": 5,
                            "Diseases and Disorders of the Female Reproductive System": 6,
                            "Diseases and Disorders of the Hepatobiliary System and Pancreas": 7,
                            "Diseases and Disorders of the Kidney and Urinary Tract": 8,
                            "Diseases and Disorders of the Male Reproductive System": 9,
                            "Diseases and Disorders of the Musculoskeletal System and Conn Tissue": 10,
                            "Diseases and Disorders of the Nervous System": 11,
                            "Diseases and Disorders of the Respiratory System": 12,
                            "Diseases and Disorders of the Skin, Subcutaneous Tissue and Breast": 13,
                            "Ear, Nose, Mouth, Throat and Craniofacial Diseases and Disorders": 14,
                            "Endocrine, Nutritional and Metabolic Diseases and Disorders": 15,
                            "Infectious and Parasitic Diseases, Systemic or Unspecified Sites": 16,
                            "Lymphatic, Hematopoietic, Other Malignancies, Chemotherapy and Radiotherapy": 17,
                            "Mental Diseases and Disorders": 18,
                            "Multiple Significant Trauma": 19,
                            "Newborns and Other Neonates with Conditions Originating in the Perinatal Period": 20,
                            "Poisonings, Toxic Effects, Other Injuries and Other Complications of Treatment": 21,
                            "Pregnancy, Childbirth and the Puerperium": 22,
                            "Rehabilitation, Aftercare, Other Factors Influencing Health Status and Other Health Service Contacts": 23
                        },
                        "APR Severity of Illness Description": {
                            "Extreme": 0,
                            "Major": 1,
                            "Minor": 2,
                            "Moderate": 3
                        },
                        "APR Medical Surgical Description": {
                            "Medical": 0,
                            "Surgical": 1
                        },
                        "Payment Typology 1": {
                            "Blue Cross/Blue Shield": 0,
                            "Federal/State/Local/VA": 1,
                            "Managed Care, Unspecified": 2,
                            "Medicaid": 3,
                            "Medicare": 4,
                            "Miscellaneous/Other": 5,
                            "Private Health Insurance": 6,
                            "Self-Pay": 7,
                            "Unknown": 8
                        },
                        "Payment Typology 2": {
                            "Blue Cross/Blue Shield": 0,
                            "Federal/State/Local/VA": 1,
                            "Managed Care, Unspecified": 2,
                            "Medicaid": 3,
                            "Medicare": 4,
                            "Miscellaneous/Other": 5,
                            "Private Health Insurance": 6,
                            "Self-Pay": 7,
                            "Unknown": 8
                        },
                        "Payment Typology 3": {
                            "Blue Cross/Blue Shield": 0,
                            "Federal/State/Local/VA": 1,
                            "Managed Care, Unspecified": 2,
                            "Medicaid": 3,
                            "Medicare": 4,
                            "Miscellaneous/Other": 5,
                            "Private Health Insurance": 6,
                            "Self-Pay": 7,
                            "Unknown": 8
                        },
                        "Emergency Department Indicator": {
                            "N": 0,
                            "Y": 1
                        }
                    },
                    "columns": [
                        "Health Service Area",
                        "Hospital County",
                        "Facility Name",
                        "Age Group",
                        "Zip Code - 3 digits",
                        "Gender",
                        "Race",
                        "Ethnicity",
                        "Length of Stay",
                        "Type of Admission",
                        "Patient Disposition",
                        "CCS Diagnosis Description",
                        "CCS Procedure Description",
                        "APR DRG Description",
                        "APR MDC Description",
                        "APR Severity of Illness Description",
                        "APR Medical Surgical Description",
                        "Payment Typology 1",
                        "Payment Typology 2",
                        "Payment Typology 3",
                        "Emergency Department Indicator"
                    ]
                }
            ],
            "categorical_y": {
                "Extreme": 0,
                "Major": 1,
                "Minor": 2,
                "Moderate": 3
            },
            "ml_task": "multiclass_classification",
            "params": {
                "columns_preprocessing": {
                    "Health Service Area": [
                        "categorical_to_int"
                    ],
                    "Hospital County": [
                        "categorical_to_int"
                    ],
                    "Facility Name": [
                        "categorical_to_int"
                    ],
                    "Age Group": [
                        "categorical_to_int"
                    ],
                    "Zip Code - 3 digits": [
                        "categorical_to_int"
                    ],
                    "Gender": [
                        "categorical_to_int"
                    ],
                    "Race": [
                        "categorical_to_int"
                    ],
                    "Ethnicity": [
                        "categorical_to_int"
                    ],
                    "Length of Stay": [
                        "categorical_to_int"
                    ],
                    "Type of Admission": [
                        "categorical_to_int"
                    ],
                    "Patient Disposition": [
                        "categorical_to_int"
                    ],
                    "Discharge Year": [
                        "remove_column"
                    ],
                    "CCS Diagnosis Description": [
                        "categorical_to_int"
                    ],
                    "CCS Procedure Description": [
                        "categorical_to_int"
                    ],
                    "APR DRG Description": [
                        "categorical_to_int"
                    ],
                    "APR MDC Description": [
                        "categorical_to_int"
                    ],
                    "APR Severity of Illness Description": [
                        "categorical_to_int"
                    ],
                    "APR Medical Surgical Description": [
                        "categorical_to_int"
                    ],
                    "Payment Typology 1": [
                        "categorical_to_int"
                    ],
                    "Payment Typology 2": [
                        "categorical_to_int"
                    ],
                    "Payment Typology 3": [
                        "categorical_to_int"
                    ],
                    "Abortion Edit Indicator": [
                        "remove_column"
                    ],
                    "Emergency Department Indicator": [
                        "categorical_to_int"
                    ]
                },
                "target_preprocessing": [
                    "na_exclude",
                    "categorical_to_int"
                ],
                "ml_task": "multiclass_classification"
            }
        }
    ],
    "learners": [
        {
            "library_version": "1.6.2",
            "algorithm_name": "Extreme Gradient Boosting",
            "algorithm_short_name": "Xgboost",
            "uid": "fad006ff-a781-45dc-99cc-21e96c35d474",
            "params": {
                "model_type": "Xgboost",
                "ml_task": "multiclass_classification",
                "n_jobs": -1,
                "objective": "multi:softprob",
                "eta": 0.075,
                "max_depth": 6,
                "min_child_weight": 1,
                "subsample": 1.0,
                "colsample_bytree": 1.0,
                "seed": 4,
                "eval_metric": "mlogloss",
                "num_class": 4,
                "explain_level": 2
            },
            "name": "learner_fold_0",
            "best_ntree_limit": 85
        }
    ],
    "params": {
        "additional": {
            "max_rounds": 10000,
            "early_stopping_rounds": 50,
            "max_rows_limit": null,
            "max_cols_limit": null
        },
        "preprocessing": {
            "columns_preprocessing": {
                "Health Service Area": [
                    "categorical_to_int"
                ],
                "Hospital County": [
                    "categorical_to_int"
                ],
                "Facility Name": [
                    "categorical_to_int"
                ],
                "Age Group": [
                    "categorical_to_int"
                ],
                "Zip Code - 3 digits": [
                    "categorical_to_int"
                ],
                "Gender": [
                    "categorical_to_int"
                ],
                "Race": [
                    "categorical_to_int"
                ],
                "Ethnicity": [
                    "categorical_to_int"
                ],
                "Length of Stay": [
                    "categorical_to_int"
                ],
                "Type of Admission": [
                    "categorical_to_int"
                ],
                "Patient Disposition": [
                    "categorical_to_int"
                ],
                "Discharge Year": [
                    "remove_column"
                ],
                "CCS Diagnosis Description": [
                    "categorical_to_int"
                ],
                "CCS Procedure Description": [
                    "categorical_to_int"
                ],
                "APR DRG Description": [
                    "categorical_to_int"
                ],
                "APR MDC Description": [
                    "categorical_to_int"
                ],
                "APR Severity of Illness Description": [
                    "categorical_to_int"
                ],
                "APR Medical Surgical Description": [
                    "categorical_to_int"
                ],
                "Payment Typology 1": [
                    "categorical_to_int"
                ],
                "Payment Typology 2": [
                    "categorical_to_int"
                ],
                "Payment Typology 3": [
                    "categorical_to_int"
                ],
                "Abortion Edit Indicator": [
                    "remove_column"
                ],
                "Emergency Department Indicator": [
                    "categorical_to_int"
                ]
            },
            "target_preprocessing": [
                "na_exclude",
                "categorical_to_int"
            ],
            "ml_task": "multiclass_classification"
        },
        "validation_strategy": {
            "validation_type": "split",
            "train_ratio": 0.75,
            "shuffle": true,
            "stratify": true,
            "X_path": "sparcs_binary_risk_of_mortality/X.data",
            "y_path": "sparcs_binary_risk_of_mortality/y.data",
            "results_path": "sparcs_binary_risk_of_mortality"
        },
        "learner": {
            "model_type": "Xgboost",
            "ml_task": "multiclass_classification",
            "n_jobs": -1,
            "objective": "multi:softprob",
            "eta": 0.075,
            "max_depth": 6,
            "min_child_weight": 1,
            "subsample": 1.0,
            "colsample_bytree": 1.0,
            "seed": 4,
            "eval_metric": "mlogloss",
            "num_class": 4,
            "explain_level": 2
        },
        "automl_random_state": 1234,
        "ml_task": "multiclass_classification",
        "explain_level": 2,
        "name": "4_Default_Xgboost",
        "status": "initialized",
        "final_loss": null,
        "train_time": null,
        "data_type": "original",
        "max_time_for_learner": 360.0
    },
    "saved": [
        "4_Default_Xgboost/learner_fold_0.xgboost"
    ],
    "predictions_fname": "4_Default_Xgboost/predictions_validation.csv",
    "metric_name": "logloss",
    "final_loss": 0.6143639140401876,
    "train_time": 23.829589128494263,
    "is_stacked": false
}