feature,mean_importance
Payment Typology 3,-6.908754202983314e-05
Facility Name,-2.061614395076905e-05
Facility Id,-1.2492812559683486e-05
Hospital County,-9.893752010836643e-06
Birth Weight,0.0
Ethnicity,0.0
Payment Typology 2,0.0
Health Service Area,2.2204460492503132e-17
Gender,2.2204460492503132e-17
Zip Code - 3 digits,1.1643022501806044e-05
Race,1.3655340583862418e-05
Operating Certificate Number,4.65358486598566e-05
APR Medical Surgical Description,0.00014653464975216134
CCS Diagnosis Description,0.0001781759537357708
APR DRG Description,0.0002001024342797475
Total Costs,0.00023019017827854426
APR DRG Code,0.00023500950361199369
CCS Procedure Description,0.00025907930594497585
CCS Procedure Code,0.00028617394285181954
Emergency Department Indicator,0.00040947421429813333
Total Charges,0.0006351515675261599
Type of Admission,0.0006617087094788143
APR MDC Code,0.0008407921077311809
Length of Stay,0.002835232604119908
Payment Typology 1,0.004358097072168765
Patient Disposition,0.004411744918440386
APR MDC Description,0.010117275658691315
CCS Diagnosis Code,0.015126453416418984
APR Severity of Illness Description,0.15890894605202238
APR Severity of Illness Code,0.2184186450206261
Age Group,0.24358151561711364
