feature,shap_importance
Age Group,0.34092270122495927
APR Severity of Illness Code,0.3378718666943361
APR Severity of Illness Description,0.28900663734151066
CCS Diagnosis Code,0.03830483312068721
Payment Typology 1,0.024226777539616478
APR MDC Description,0.020291752859422953
Patient Disposition,0.016930356022126742
Length of Stay,0.009416064301058825
CCS Procedure Code,0.0037377931713794854
Type of Admission,0.003277969600435859
APR DRG Code,0.003114539151593823
APR MDC Code,0.0029337478532622733
Emergency Department Indicator,0.0026938447473153814
Total Charges,0.0017149772801339051
CCS Diagnosis Description,0.0016718477426982594
CCS Procedure Description,0.001066330281491498
APR DRG Description,0.0010202033269440828
Total Costs,0.000645654082763311
Facility Id,0.0004761691032076341
APR Medical Surgical Description,0.00046894493268832816
Facility Name,0.0004556994862108552
Operating Certificate Number,0.00037854131690380174
Zip Code - 3 digits,0.0003174345793551445
Payment Typology 3,0.00028486279840409694
Hospital County,0.00011137055831255825
Race,7.087839162823664e-05
Ethnicity,0.0
Gender,0.0
Payment Typology 2,0.0
Birth Weight,0.0
Health Service Area,0.0
