feature,mean_importance
Payment Typology 3,-0.0005170206457312032
Type of Admission,-0.000217820899110599
Hospital County,6.081420115933156e-07
CCS Procedure Description,0.00025030631415441374
Facility Name,0.0003074003605236353
Facility Id,0.0003470316749609514
APR DRG Description,0.00039055268854388815
Zip Code - 3 digits,0.0006948703152500401
APR MDC Code,0.0008044241430944954
Health Service Area,0.0008871250544994824
Ethnicity,0.000978130608949468
Payment Typology 2,0.0013313342117425853
Length of Stay,0.0016589444042894419
Race,0.0016998475435151983
Emergency Department Indicator,0.002278161205832774
CCS Diagnosis Description,0.002412256022056747
CCS Procedure Code,0.0029040486171969305
Gender,0.0030942699447079392
Payment Typology 1,0.0037534198951639786
Operating Certificate Number,0.004101687490802863
Birth Weight,0.004466520232178128
Total Charges,0.004468920959474665
APR DRG Code,0.0052964863579666455
Patient Disposition,0.0058365508864830495
Total Costs,0.006654747460328925
APR MDC Description,0.008131245717957092
APR Medical Surgical Description,0.009127748480010144
APR Severity of Illness Description,0.020357018512838998
CCS Diagnosis Code,0.04180846513287686
Age Group,0.30764270457405446
APR Severity of Illness Code,0.7830992277824136
