feature,shap_importance
APR Severity of Illness Code,5.5665537303827595
Age Group,3.162595118871274
CCS Diagnosis Code,1.1352067866211475
APR Severity of Illness Description,0.8025166594662165
APR Medical Surgical Description,0.5507430025952844
APR DRG Code,0.453295044379499
Patient Disposition,0.4407223384972079
Emergency Department Indicator,0.4276464054656037
APR MDC Description,0.39827993907457926
CCS Procedure Code,0.3649063319968913
Length of Stay,0.28528648110639604
Operating Certificate Number,0.2811113807782391
APR MDC Code,0.2678886231420117
Total Charges,0.25120222789224267
Total Costs,0.2238782259200733
Gender,0.2159672106317047
Ethnicity,0.19772722088001793
Payment Typology 1,0.19457719673124368
Payment Typology 2,0.18454173799814916
CCS Diagnosis Description,0.17404611111147328
Facility Id,0.17390655982109626
Race,0.17347826827265508
Birth Weight,0.15921135539335343
Payment Typology 3,0.15616019541029516
CCS Procedure Description,0.13253928682776817
Facility Name,0.12460179275021271
Zip Code - 3 digits,0.08965247051269985
Health Service Area,0.08854321264678705
Hospital County,0.08799795475622246
APR DRG Description,0.05592348136287929
Type of Admission,0.04749736568075284
